{
  "plaintext": {
    "accuracy": 0.96,
    "precision": 0.9606162464985993,
    "recall": 0.96,
    "f1": 0.9599164054336469,
    "training_time": 0.22464203834533691,
    "confusion_matrix": [
      [
        13,
        0,
        2
      ],
      [
        0,
        44,
        0
      ],
      [
        1,
        0,
        15
      ]
    ]
  },
  "compilation": {
    "compilation_time": 1.356154203414917,
    "n_bits": 6
  },
  "fhe": {
    "accuracy": 0.9666666666666667,
    "avg_latency_seconds": 10.935780382156372,
    "min_latency_seconds": 8.540666103363037,
    "max_latency_seconds": 13.060523986816406,
    "overhead_factor": 1093.5780382156372,
    "num_samples_tested": 30,
    "evaluation_date": "2026-02-07 09:38:02"
  }
}