{
  "n_train_samples": 40,
  "n_test_samples": 75,
  "training_time": 0.08696985244750977,
  "plaintext": {
    "accuracy": 0.8533333333333334,
    "precision": 0.8586536200553722,
    "recall": 0.8533333333333334,
    "f1": 0.8491693800027132,
    "confusion_matrix": [
      [
        13,
        1,
        1
      ],
      [
        3,
        41,
        0
      ],
      [
        1,
        5,
        10
      ]
    ]
  },
  "compilation": {
    "compilation_time": 0.6329360008239746,
    "n_bits": 6
  }
}